<?xml version="1.0" ?>
<LOG_ROOT>
	<PROJECT NAME="me819">
		<CBX_INST_ENTRY INSTANCE_NAME="|me819|sld_signaltap:auto_signaltap_0|sld_signaltap_impl:sld_signaltap_body|sld_offload_buffer_mgr:\stp_non_zero_depth_offload_gen:stp_offload_buff_mgr_inst|LPM_COUNTER:status_advance_pointer_counter" CBX_FILE_NAME="cntr_ffi.tdf"/>
		<CBX_INST_ENTRY INSTANCE_NAME="|me819|sld_signaltap:auto_signaltap_1|sld_signaltap_impl:sld_signaltap_body|sld_offload_buffer_mgr:\stp_non_zero_depth_offload_gen:stp_offload_buff_mgr_inst|LPM_COUNTER:read_pointer_counter" CBX_FILE_NAME="cntr_78j.tdf"/>
		<CBX_INST_ENTRY INSTANCE_NAME="|me819|sld_signaltap:auto_signaltap_1|sld_signaltap_impl:sld_signaltap_body|sld_offload_buffer_mgr:\stp_non_zero_depth_offload_gen:stp_offload_buff_mgr_inst|LPM_COUNTER:status_advance_pointer_counter" CBX_FILE_NAME="cntr_6fi.tdf"/>
		<CBX_INST_ENTRY INSTANCE_NAME="|me819|sld_signaltap:auto_signaltap_2|sld_signaltap_impl:sld_signaltap_body|sld_offload_buffer_mgr:\stp_non_zero_depth_offload_gen:stp_offload_buff_mgr_inst|LPM_COUNTER:read_pointer_counter" CBX_FILE_NAME="cntr_d8j.tdf"/>
		<CBX_INST_ENTRY INSTANCE_NAME="|me819|sw_ch:inst2|sw_tx:TX|sync_fifo:FIFO|dcfifo:dcfifo_component" CBX_FILE_NAME="dcfifo_5se1.tdf"/>
		<CBX_INST_ENTRY INSTANCE_NAME="|me819|sld_signaltap:auto_signaltap_0|sld_signaltap_impl:sld_signaltap_body|altdpram:\stp_non_zero_ram_gen:attribute_mem_gen:attribute_mem|lpm_decode:wdecoder" CBX_FILE_NAME="decode_4uf.tdf"/>
		<CBX_INST_ENTRY INSTANCE_NAME="|me819|sld_signaltap:auto_signaltap_0|sld_signaltap_impl:sld_signaltap_body|sld_offload_buffer_mgr:\stp_non_zero_depth_offload_gen:stp_offload_buff_mgr_inst|LPM_COUNTER:status_read_pointer_counter" CBX_FILE_NAME="cntr_p1j.tdf"/>
		<CBX_INST_ENTRY INSTANCE_NAME="|me819|sld_signaltap:auto_signaltap_2|sld_signaltap_impl:sld_signaltap_body|sld_offload_buffer_mgr:\stp_non_zero_depth_offload_gen:stp_offload_buff_mgr_inst|LPM_COUNTER:status_advance_pointer_counter" CBX_FILE_NAME="cntr_dfi.tdf"/>
		<CBX_INST_ENTRY INSTANCE_NAME="|me819|sld_signaltap:auto_signaltap_0|sld_signaltap_impl:sld_signaltap_body|sld_offload_buffer_mgr:\stp_non_zero_depth_offload_gen:stp_offload_buff_mgr_inst|LPM_COUNTER:read_pointer_counter" CBX_FILE_NAME="cntr_85j.tdf"/>
		<CBX_INST_ENTRY INSTANCE_NAME="|me819|sld_signaltap:auto_signaltap_1|sld_signaltap_impl:sld_signaltap_body|altdpram:\stp_non_zero_ram_gen:attribute_mem_gen:attribute_mem|lpm_decode:wdecoder" CBX_FILE_NAME="decode_4uf.tdf"/>
		<CBX_INST_ENTRY INSTANCE_NAME="|me819|sld_signaltap:auto_signaltap_1|sld_signaltap_impl:sld_signaltap_body|sld_offload_buffer_mgr:\stp_non_zero_depth_offload_gen:stp_offload_buff_mgr_inst|LPM_COUNTER:status_read_pointer_counter" CBX_FILE_NAME="cntr_p1j.tdf"/>
		<CBX_INST_ENTRY INSTANCE_NAME="|me819|sld_signaltap:auto_signaltap_2|sld_signaltap_impl:sld_signaltap_body|altdpram:\stp_non_zero_ram_gen:attribute_mem_gen:attribute_mem|lpm_mux:mux" CBX_FILE_NAME="mux_lrc.tdf"/>
		<CBX_INST_ENTRY INSTANCE_NAME="|me819|sld_signaltap:auto_signaltap_2|sld_signaltap_impl:sld_signaltap_body|sld_offload_buffer_mgr:\stp_non_zero_depth_offload_gen:stp_offload_buff_mgr_inst|LPM_COUNTER:\adv_point_3_and_more:advance_pointer_counter" CBX_FILE_NAME="cntr_gfi.tdf"/>
		<CBX_INST_ENTRY INSTANCE_NAME="|me819|sw_ch:inst2|sw_rx_buf:RX_BUF|rx_data_fifo:RX_DATA_FIFO|scfifo:scfifo_component" CBX_FILE_NAME="scfifo_p7b1.tdf"/>
		<CBX_INST_ENTRY INSTANCE_NAME="|me819|lpm_mux0:inst37|lpm_mux:lpm_mux_component" CBX_FILE_NAME="mux_irc.tdf"/>
		<CBX_INST_ENTRY INSTANCE_NAME="|me819|sld_signaltap:auto_signaltap_0|sld_signaltap_impl:sld_signaltap_body|altsyncram:\stp_non_zero_ram_gen:stp_buffer_ram" CBX_FILE_NAME="altsyncram_20t3.tdf"/>
		<CBX_INST_ENTRY INSTANCE_NAME="|me819|sld_signaltap:auto_signaltap_2|sld_signaltap_impl:sld_signaltap_body|altdpram:\stp_non_zero_ram_gen:attribute_mem_gen:attribute_mem|lpm_decode:wdecoder" CBX_FILE_NAME="decode_4uf.tdf"/>
		<CBX_INST_ENTRY INSTANCE_NAME="|me819|sld_signaltap:auto_signaltap_2|sld_signaltap_impl:sld_signaltap_body|sld_offload_buffer_mgr:\stp_non_zero_depth_offload_gen:stp_offload_buff_mgr_inst|LPM_COUNTER:status_read_pointer_counter" CBX_FILE_NAME="cntr_p1j.tdf"/>
		<CBX_INST_ENTRY INSTANCE_NAME="|me819|lpm_mux0:inst38|lpm_mux:lpm_mux_component" CBX_FILE_NAME="mux_irc.tdf"/>
		<CBX_INST_ENTRY INSTANCE_NAME="|me819|sld_signaltap:auto_signaltap_0|sld_signaltap_impl:sld_signaltap_body|altdpram:\stp_non_zero_ram_gen:attribute_mem_gen:attribute_mem|lpm_mux:mux" CBX_FILE_NAME="mux_nrc.tdf"/>
		<CBX_INST_ENTRY INSTANCE_NAME="|me819|sld_signaltap:auto_signaltap_0|sld_signaltap_impl:sld_signaltap_body|sld_offload_buffer_mgr:\stp_non_zero_depth_offload_gen:stp_offload_buff_mgr_inst|LPM_COUNTER:\adv_point_3_and_more:advance_pointer_counter" CBX_FILE_NAME="cntr_qgi.tdf"/>
		<CBX_INST_ENTRY INSTANCE_NAME="|me819|sld_signaltap:auto_signaltap_1|sld_signaltap_impl:sld_signaltap_body|altsyncram:\stp_non_zero_ram_gen:stp_buffer_ram" CBX_FILE_NAME="altsyncram_lvs3.tdf"/>
		<CBX_INST_ENTRY INSTANCE_NAME="|me819|sw_ch:inst2|sw_rx:RX|sync_fifo:FIFO|dcfifo:dcfifo_component" CBX_FILE_NAME="dcfifo_5se1.tdf"/>
		<CBX_INST_ENTRY INSTANCE_NAME="|me819|sld_signaltap:auto_signaltap_1|sld_signaltap_impl:sld_signaltap_body|altdpram:\stp_non_zero_ram_gen:attribute_mem_gen:attribute_mem|lpm_mux:mux" CBX_FILE_NAME="mux_krc.tdf"/>
		<CBX_INST_ENTRY INSTANCE_NAME="|me819|sld_signaltap:auto_signaltap_1|sld_signaltap_impl:sld_signaltap_body|sld_offload_buffer_mgr:\stp_non_zero_depth_offload_gen:stp_offload_buff_mgr_inst|LPM_COUNTER:\adv_point_3_and_more:advance_pointer_counter" CBX_FILE_NAME="cntr_efi.tdf"/>
		<CBX_INST_ENTRY INSTANCE_NAME="|me819|sld_signaltap:auto_signaltap_2|sld_signaltap_impl:sld_signaltap_body|altsyncram:\stp_non_zero_ram_gen:stp_buffer_ram" CBX_FILE_NAME="altsyncram_40t3.tdf"/>
	</PROJECT>
</LOG_ROOT>
